title;summary;content;images
Món ăn khoái khẩu của người Việt tiềm ẩn ký sinh trùng gây tổn thương gan;Người Việt duy trì thói quen ăn đồ sống, tái như gỏi cá, tiềm ẩn nguy cơ nhiễm sán lá gan - loại ký sinh trùng có thể gây tắc mật, xơ gan, ung thư đường mật.;"Theo bác sĩ chuyên khoa II Nguyễn Nguyên Huyền, Bệnh viện Bệnh Nhiệt đới Trung ương, ngoài rượu bia, ""thủ phạm"" quá quen mặt với các bệnh gan, nhiều người Việt còn vô tình gây tổn thương cho gan qua các món ăn tưởng như vô hại, điển hình như gỏi, cá sống, ốc tái.

“Các thực phẩm này có thể chứa ấu trùng sán lá gan. Sau khi vào cơ thể, ấu trùng di chuyển từ dạ dày xuống tá tràng rồi ngược dòng mật để cư trú tại gan, phát triển thành sán trưởng thành và gây bệnh”,bác sĩ Huyền giải thích.

Loại ký sinh trùng này gây tổn thương nghiêm trọng khi ký sinh lâu dài trong cơ thể, có thể dẫn đến tắc mật, viêm đường mật, xơ gan, thậm chí ung thư đường mật, những bệnh lý có tỷ lệ tử vong cao nếu không được phát hiện và điều trị kịp thời.

Món gỏi cá tiềm ẩn nguy cơ chứa sán lá gan nhỏ. (Ảnh minh hoạ)

Đáng lo ngại, biểu hiện bệnh ở giai đoạn đầu thường mờ nhạt, dễ bị bỏ qua hoặc nhầm lẫn với các rối loạn tiêu hóa thông thường. Người bệnh có thể chỉ cảm thấy đầy bụng, chán ăn, đôi khi đau tức vùng hạ sườn phải. Ở giai đoạn nặng hơn, bệnh có thể xuất hiện vàng da, thiếu máu, gan to hoặc biến chứng xơ gan.

Để phòng bệnh, bác sĩ Huyền khuyến cáo người dân tuyệt đối không ăn cá sống, tái hoặc chưa nấu chín kỹ. Việc ăn chín, uống sôi không chỉ là thói quen tốt bảo vệ hệ tiêu hóa và gan mà còn ngăn ngừa nhiều bệnh truyền nhiễm nguy hiểm khác.

Khi xuất hiện các triệu chứng nghi ngờ, người dân cần đến cơ sở y tế để được thăm khám và điều trị kịp thời, tránh để bệnh tiến triển âm thầm gây biến chứng nặng nề.";https://kenh14cdn.com/203336854389633024/2025/5/8/goi-ca-10092501-1746689482341-1746689483242862446331.jpg
Thí nghiệm biến lòng non thành lòng se điếu chỉ bằng loại nước quen thuộc: Nhiều người ngỡ ngàng, sốc hơn khi đọc bình luận;Trước thông tin ngâm phèn chua có thể biến hóa miếng lòng non thông thường thành lòng se điếu, một tài khoản mạng xã hội có gần 15.000 người theo dõi đã thực hiện thí nghiệm để kiểm chứng.;"Lòng se điếu từ lâu đã được coi là món ăn đặc sản với hội sành ăn nhờ vị giòn, bùi, đậm đà, đặc trưng riêng biệt. Món ăn này thường được nhâm nhi cùng bia hoặc làm mồi trong những bữa tiệc dân dã. Chính sự yêu thích này khiến lòng se điếu trở thành món quý hiếm được nhiều nhà hàng săn đón, với mức giá có thể gấp 5-10 lần so với loại lòng bình thường.

Gần đây, đầu bếp Võ Quốc (người từng tham gia cố vấn ẩm thực cho nhiều chương trình truyền hình) đã lên tiếng cảnh báo: ""Ngưng ăn lòng se điếu!"". Trên trang cá nhân, anh cho biết: ""Có những nhà làm về heo mấy chục năm rồi họ cũng nói luôn họ không bao giờ thấy cái đó (lòng se điếu - PV). Vậy mà ở ngoài Bắc bán quá chừng luôn, mà giá rất cao, giá trên trời luôn"".



Đầu bếp này cũng tuyên bố sẽ tặng 1 tỷ đồng cho ai quay được cảnh chế biến lòng se điếu trực tiếp tại lò mổ.

Thông tin này đã gây xôn xao, bởi món lòng se điếu vốn được coi là ""của hiếm"" nhưng vẫn dễ dàng bắt gặp ở khắp các quán nhậu, thậm chí ngoài chợ.

Trước thông tin ngâm phèn chua có thể biến hóa miếng lòng non thông thường thành lòng se điếu, một tài khoản mạng xã hội có gần 15.000 người theo dõi đã thực hiện thí nghiệm để kiểm chứng.

Thí nghiệm trước và sau khi ngâm lòng trong nước phèn chua.

Theo đó, người này mua lòng non tươi về, sau đó ngâm trong nước pha phèn chua suốt 3 tiếng. Kết quả khiến nhiều người bất ngờ: Miếng lòng trở nên dày, giòn, nổi vân xoắn, gần giống với đặc điểm của lòng se điếu thật.

Tuy nhiên, bất ngờ hơn là phần bình luận bên dưới video. Một người chia sẻ: ""Bơm hàn the vào ruột, cột hai đầu lại, để vài giờ sẽ có ngay lòng se điếu"".

Người khác thì viết: ""Ngâm lòng với hỗn hợp phèn chua + hàn the, đảm bảo miếng lòng trắng, giòn, dai y như thật"".





Những dòng bình luận ""mách"" cách biến hóa lòng non thành lòng se điếu khiến cộng đồng mạng càng thêm hoang mang.

Dù chưa có cơ sở kiểm nghiệm khoa học rõ ràng về hiệu quả của các công thức ""chế biến"" trên, nhưng hàng loạt mẹo vặt kiểu này đang được lan truyền với tốc độ chóng mặt, khiến nhiều người tiêu dùng lo lắng về tính an toàn của món ăn quen thuộc.

Một số tài khoản MXH cũng đưa ra bình luận trước việc thử nghiệm của video rằng ""đừng đoán già đón non, hãy chở kết quả từ cơ quan điều tra""; đừng ""gợi ý công thức độc hại"" bằng những comment bởi có thể vô tình khiến những người không hiểu biết học theo, gây hại sức khoẻ.

PGS.TS Nguyễn Duy Thịnh (Viện Công nghệ Sinh học & Thực phẩm, Đại học Bách khoa Hà Nội) khẳng định: ""Một số hóa chất như oxy già, phèn chua, hàn the có thể làm lòng trắng, giòn và săn lại. Tuy nhiên, nếu sử dụng với nồng độ cao hoặc ngâm lâu đều gây hại cho sức khỏe"".

Đặc biệt là formol - hóa chất bị cấm tuyệt đối trong thực phẩm, từng bị phát hiện được dùng để ngâm nội tạng, kéo dài thời gian bảo quản. Người tiêu dùng nếu ăn phải thực phẩm có chứa formol có thể gặp các triệu chứng như đau bụng dữ dội, nôn ói, viêm cấp tính đường tiêu hóa, thậm chí tăng nguy cơ ung thư nếu tiếp xúc lâu dài.



Theo PGS Thịnh, lòng se điếu là phần đầu ruột non heo, đoạn có cấu trúc xoắn như điếu cày, thường chứa bột trắng bên trong. Vì số lượng ít, lòng se điếu rất hiếm, không thể có mặt đồng loạt ngoài chợ hay trong tất cả các quán nhậu.

""Việc các nơi bán đại trà với giá cao là điều cần đặt dấu hỏi lớn. Người tiêu dùng nên cẩn trọng"", ông nói.

Các chuyên gia khuyến cáo người dân chỉ nên mua nội tạng tại các cơ sở uy tín, có thể truy xuất nguồn gốc rõ ràng. Khi chọn mua, cần ưu tiên lòng có màu trắng hồng tự nhiên, mặt nhẵn, không có mùi lạ. Đồng thời, không nên ăn quá thường xuyên, vì nội tạng động vật là loại thực phẩm dễ tích tụ chất độc nếu không được xử lý đúng cách.

PGS Thịnh cũng đề xuất cơ quan quản lý cần vào cuộc kiểm tra nguồn gốc sản phẩm, truy vết các loại hóa chất nếu có để tránh gây tâm lý hoang mang và bảo vệ sức khỏe cộng đồng.";"https://kenh14cdn.com/203336854389633024/2025/5/8/49446795712029855078678836567364588753533293n-1746525997317-17466131607101619581654-1746673740443-17466737406741015045688-1746677629275-1746677629435960318917.jpg;https://kenh14cdn.com/203336854389633024/2025/5/8/base64-1746673704888633434263-1746673835324-17466738354631375991310-1746677630024-17466776301271542727400.png;https://kenh14cdn.com/203336854389633024/2025/5/8/4-17466117114791840047693-1746673836024-1746673836222264259257-1746677630907-1746677630992811233448.png;https://kenh14cdn.com/203336854389633024/2025/5/8/1-17466117127521520661042-1746673836867-1746673836963315484307-1746677631709-1746677631801704462544.png;https://kenh14cdn.com/203336854389633024/2025/5/8/2-1746611712736434594395-1746673837808-17466738378931003859328-1746677632490-1746677632557924845776.png;https://kenh14cdn.com/203336854389633024/2025/5/8/edit-gff-17466130264381363117315-1746673744894-174667374497882818946-1746677633165-17466776332431579857671.png;https://kenh14cdn.com/203336854389633024/2025/5/8/edit-dfgf-1746613014343500283339-1746673745531-1746673745907218907929-1746677634148-17466776342251838821420.png;https://kenh14cdn.com/203336854389633024/2025/5/8/edit-grg-17466130048141038383526-1746673746962-17466737470961078116281-1746677634722-17466776348281098919956.png;https://kenh14cdn.com/203336854389633024/2025/5/8/photo-2-166389697777082562730-1746613160740932370430-1746673747819-1746673747913858547718-1746677635525-1746677635657748222762.jpg"
Cứ sang hè mẹ lại nấu cháo đậu đen kèm hạt sen giục con ăn, 30 năm sau tôi mới xúc động hiểu tại sao;Mỗi khi nắng hè đổ lửa, tôi lại nhớ về những năm tháng tuổi thơ, khi mùa hè chỉ gói gọn trong tiếng ve, mùi mồ hôi sau những trận chơi đùa và... bát cháo đậu đen hạt sen mẹ nấu mỗi chiều.;"Khi tôi chừng 5, 6 tuổi, ngái ngủ nằm vắt vẻo trên chiếc chõng tre, còn mẹ lúi húi trong gian bếp nhỏ. Trời oi ả đến ngột thở, vậy mà mẹ vẫn cặm cụi quạt than, hầm đậu cho mềm, ninh sen cho bở, rồi gạo nở bung từng hạt trắng trong. Mẹ gọi:

- ""Dậy đi con, ăn bát cháo rồi chơi, cho mát người"".

Hồi đó tôi chẳng hiểu gì, chỉ thấy ăn xong bát cháo thơm bùi lại thấy người nhẹ nhõm hơn, mồ hôi ra mà không mệt. Rồi hè nào cũng vậy, như một thói quen, như một nghi lễ.



Khi tôi lớn lên, đi học xa, rồi đi lấy chồng, mùa hè bỗng trôi đi trong bộn bề công việc. Nhưng mỗi lần về quê chơi hè, tôi lại thấy mẹ bắc nồi cháo đậu đen hạt sen nấu sẵn từ trưa, cứ chiều đến là giục:

-""Ăn đi con, trời nóng thế này phải ăn cho mát người"".

Có lúc tôi gắt nhẹ:""Con lớn rồi, mẹ nấu cháo với chè làm gì mãi?"".

Mẹ chỉ cười:""Lớn thì càng phải giữ sức khỏe"".

Tôi ngoài 30, làm mẹ rồi mới thấm, mới hiểu món cháo ấy không chỉ là để ""no bụng mỗi xế chiều"". Đó là thứ cháo tình thương mẹ nêm nếm bằng sự âm thầm lặng lẽ. Là vị ngọt của lo toan, vị bùi của chắt chiu tháng ngày.

Và kỳ diệu thay, giờ tôi mới hiểu, cháo đậu đen nấu hạt sen chính là món ăn dưỡng thân, dưỡng tâm trong những ngày hè oi ả, nhất là với phụ nữ.

Đậu đen là ""vị thuốc"" giải nhiệt quen thuộc trong Đông y. Theo các trang sức khỏe y tế uy tín như Healthline và Medical News Today, đậu đen chứa hàm lượng anthocyanin cao. Đây là chất chống oxy hóa mạnh giúp thanh lọc cơ thể, làm mát gan, lợi tiểu, giảm nhiệt nội sinh.

Với phụ nữ hay nổi mụn, nóng trong, ăn đậu đen thường xuyên vào mùa hè giúp da dẻ dịu lại, mịn màng, tươi trẻ hơn, tinh thần cũng nhẹ nhõm hơn.



Ít ai biết đậu đen còn giàu collagen thực vật, vitamin E và nhóm vitamin B. Những dưỡng chất này giúp làm chậm quá trình lão hóa, hỗ trợ tái tạo tế bào da.

Trong khi đó, hạt sen lại có công dụng làm dịu thần kinh, cải thiện giấc ngủ, giảm quầng thâm mắt và chống sạm da do mất ngủ hay căng thẳng kéo dài.

Mỗi bát cháo, không chỉ mát ruột mà còn ""mát"" cả làn da, mái tóc - điều mà mọi phụ nữ đều mong mỏi khi bước qua tuổi 30.

Hạt sen chứa nhiều magie và kali - 2 khoáng chất quan trọng giúp điều hòa nhịp tim, giảm huyết áp, hỗ trợ tuần hoàn máu. Đậu đen giàu chất xơ hòa tan, giúp kiểm soát cholesterol xấu.

Với phụ nữ dễ rối loạn nội tiết, hay stress, việc bổ sung những nguyên liệu lành tính này vào thực đơn sẽ giúp cải thiện sức khỏe tim mạch một cách tự nhiên và hiệu quả.

Một trong những lý do mẹ luôn giục tôi ăn cháo đậu đen hạt sen mỗi buổichiều, là vì hạt sen có tác dụng an thần tự nhiên.



Theo Journal of Ethnopharmacology, hoạt chất nuciferine trong hạt sen giúp điều hòa hoạt động của não bộ, giảm căng thẳng, tăng cường giấc ngủ sâu - điều mà phụ nữ hiện đại rất dễ bị thiếu hụt.

Ăn cháo rồi thấy dịu người. Cái nắng hè hình như cũng bớt gắt hơn.

Giờ đây tôi mới hiểu: Bát cháo đó không chỉ nuôi tôi khôn lớn mà còn âm thầm bồi bổ cho một người phụ nữ đang lớn dần lên, cả thể chất lẫn tâm hồn.

Mẹ không nói nhiều, cũng chưa bao giờ giảng giải công dụng của món căn ấy. Chỉ là mỗi lần về, vẫn thấy mẹ lụi cụi bên nồi cháo, vẫn câu nhắc quen thuộc:

- ""Trời hè mà mà ăn bát cháo này cũng đỡ ốm đó con"".

Mấy hôm trước, tôi gọi về hỏi công thức. Mẹ cười qua điện thoại:

- ""Gạo nếp trộn gạo tẻ, đậu ngâm cho nở, sen bỏ tim đi cho khỏi đắng, rồi ninh cho nhừ, bỏ thêm chút muối là được"".

Nghe vậy mà mắt tôi cay xè. Bát cháo ấy, đâu chỉ là món ăn mà là bát tình, bát nghĩa, là 30 năm vun vén yêu thương của một người mẹ không nói lời hoa mỹ.

Giữa mùa hè rực nắng, tôi lại nấu cho con gái mình bát cháo giống mẹ từng nấu. Nhẹ nhàng đặt trước mặt con, tôi bỗng rưng rưng:

""Con ăn đi, trời nóng thế này phải ăn cho mát người"".

Tình yêu của mẹ không cần quá lời. Chỉ cần một bát cháo mỗi chiều hè - là đủ dưỡng cả một đời con gái.

(Ảnh minh họa: Internet)";"https://kenh14cdn.com/203336854389633024/2025/5/8/chao-dau-den-hat-sen-an-moi-chieu-he-17466084222831796527466-1746668586689-1746668587053195687307-1746677401869-17466774020231260075080.jpg;https://kenh14cdn.com/203336854389633024/2025/5/8/chao-dau-den-hat-sen-an-moi-chieu-he2-17466084223012120849091-1746668587849-1746668588047791440021-1746677402627-1746677402724949127503.jpg;https://kenh14cdn.com/203336854389633024/2025/5/8/chao-dau-den-hat-sen-an-moi-chieu-he3-17466084223081419477164-1746668588673-17466685887601455101485-1746677403330-1746677403576119975565.jpg"
1 loại hải sản thơm mùi lá dứa của Việt Nam được Trung Quốc bỏ 16 triệu USD thu mua: Giòn sần sật, giàu omega-3, vô cùng đại bổ;Điểm nổi bật của loại hải sản này là mùi thơm tự nhiên, như lá dứa, hoa ngâu, hoặc chút cay nồng của riềng, ngay cả khi còn sống.;"Ốc hương, với mùi thơm hấp dẫn và giá trị dinh dưỡng dồi dào, đang trở thành “ngôi sao” của ngành thủy sản Việt Nam. Đây là mặt hàng thủy hải sản chiến lược của Việt Nam, đặc biệt tại thị trường Trung Quốc - đối tác tiêu thụ nhuyễn thể lớn nhất.

Ốc hương là loại hải sản thơm ngon và giàu dinh dưỡng

Theo báo cáo của Hiệp hội Chế biến và Xuất khẩu Thủy sản Việt Nam, trong quý 1/2025, giá trị xuất khẩu nhuyễn thể có vỏ của Việt Nam sang thị trường Trung Quốc đạt 23 triệu USD. Trong đó, ốc hương sống chiếm áp đảo với gần 16 triệu USD, khẳng định sức hút vượt trội.

Sức hút ốc hương tại Trung Quốc đến từ chất lượng vượt trội, giá cả cạnh tranh, và sự khan hiếm nguồn cung nội địa. Vị trí địa lý tiếp giáp, với các tuyến vận chuyển qua cửa khẩu đường bộ và cảng biển, giúp Việt Nam giảm chi phí logistics, đảm bảo độ tươi ngon.

Nữ hoàng của các loài ốc

Theo đó, ốc hương, thuộc họ Babyloniidae, là loài nhuyễn thể chân bụng sinh sống ở vùng biển nhiệt đới, độ sâu 5-20m, tại các khu vực như Nha Trang, Phú Quốc, và Vũng Tàu. Loài ốc này yêu cầu môi trường nước sạch, độ mặn 25-35 phần nghìn, đáy cát pha bùn, khiến nuôi trồng đòi hỏi kỹ thuật cao. Vỏ ốc xoắn, màu vàng ngà điểm hoa văn nâu tím, dài tối đa 10 cm, nặng khoảng 60 gram.

Điểm nổi bật của ốc hương là mùi thơm tự nhiên, như lá dứa, hoa ngâu, hoặc chút cay nồng của riềng, ngay cả khi còn sống. Khi chế biến, dù luộc, hấp sả, nướng phô mai, hay xào bơ tỏi, ốc vẫn tỏa hương quyến rũ. Thịt ốc giòn, dai, ngọt thanh, không bở, mang lại trải nghiệm ẩm thực độc đáo. Vì thế loại hải sản này còn được ví là nữ hoàng của các loại ốc. Loài này ăn mùn bã, xác nghêu, sò, tôm, cua, tiêu thụ khoảng 12% trọng lượng cơ thể mỗi ngày, góp phần tạo nên chất lượng thịt đặc trưng.



Giàu dinh dưỡng, đại bổ

Không chỉ là nguyên liệu chế biến các món ăn thơm ngon, ốc hương còn cung cấp nguồn dinh dưỡng quý giá cho người sử dụng. Theo đó, ốc hương giàu protein, canxi, sắt, vitamin (B12, A, C, B2, PP), và axit béo Omega-3, không chứa cholesterol.

Trong đó, protein hỗ trợ cơ bắp, canxi tăng cường xương, sắt ngăn thiếu máu, còn Omega-3 tốt cho tim mạch và não bộ. Vitamin B12 cải thiện thần kinh, vitamin A và C chống lão hóa, tăng miễn dịch.

Tuy nhiên, trước khi sử dụng, bạn cần làm sạch kỹ để loại bỏ ký sinh trùng như sán lá. Nên ngâm ốc với nước vo gạo, muối, hoặc ớt, luộc chín kỹ (4-5 phút). Tránh kết hợp với bia do bia sẽ làm cản trở quá trình bài tiết chất đạm dư thừa ra khỏi cơ thể. Điều này sẽ gây tiềm ẩn nhiều nguy cơ bị bệnh về gout hay quá trình vận chuyển máu trong cơ thể bị ảnh hưởng, có thể tắc nghẽn động mạch.

Với kim ngạch xuất khẩu ấn tượng, đặc điểm độc đáo, ngành nuôi trồng ốc hương tại Việt Nam đang đứng trước cơ hội lớn. Có điều kiện tự nhiên thuận lợi tại các vùng biển miền Trung và Nam Bộ, Việt Nam có thể gia tăng sản lượng ốc hương chất lượng cao, đáp ứng tiêu chuẩn xuất khẩu khắt khe của các thị trường khó tính.

Tuy nhiên, ngành này đối mặt với thách thức: ô nhiễm nước biển, biến đổi khí hậu làm thay đổi độ mặn và nhiệt độ, cùng chi phí đầu tư ban đầu cao. Yêu cầu về an toàn thực phẩm và truy xuất nguồn gốc từ thị trường quốc tế đòi hỏi cải tiến quản lý chất lượng.

Từ món ăn thượng hạng trên bàn tiệc đến mặt hàng xuất khẩu chiến lược, ốc hương không chỉ là niềm tự hào của ngư dân mà còn là động lực thúc đẩy kinh tế biển. Để khai thác bền vững tiềm năng này, Việt Nam cần đầu tư vào công nghệ nuôi trồng, nâng cao chất lượng, và mở rộng thị trường, từ đó tiếp tục đưa “nữ hoàng ốc” vươn xa trên trường quốc tế.

(Tổng hợp)";"https://kenh14cdn.com/203336854389633024/2025/5/8/unnamed-3-1746671141434-17466711415611804715679.png;https://kenh14cdn.com/203336854389633024/2025/5/8/unnamed-5-1746671142442-17466711425471026532737.png"
Tầm soát ung thư và sức khỏe toàn diện ở trung tâm đầu tiên ứng dụng công nghệ AI tại Đông Nam Á là cảm giác thế nào?;Sự ra đời của Trung tâm Tầm soát Công nghệ cao NURA tại Việt Nam – nơi đầu tiên ứng dụng trí tuệ nhân tạo (AI) trong tầm soát sức khỏe – đánh dấu một bước tiến quan trọng trong lĩnh vực y tế dự phòng.;"Theo báo cáo GLOBOCAN 2022, Việt Nam ghi nhận 180.480 ca mắc ung thư mới và 120.184 ca tử vong. Trong đó, ung thư vú, gan, phổi, đại trực tràng và dạ dày là những loại ung thư có tỷ lệ mắc và tử vong cao nhất, con số này vẫn đang tăng dần theo từng năm.

Đáng lo ngại, phần lớn bệnh nhân ung thư tại Việt Nam chỉ được phát hiện khi đã ở giai đoạn muộn, khiến việc điều trị gặp nhiều khó khăn và tỷ lệ tử vong cao. Trong bối cảnh ung thư ngày càng trở thành nỗi ám ảnh, chưa tìm ra phương pháp phòng chống triệt để, tầm soát sớm được xem là giải pháp hiệu quả giúp phát hiện và điều trị kịp thời, tiết kiệm thời gian, chi phí và giảm thiểu tỷ lệ tử vong do mắc ung thư.

Trung tâm Tầm soát Công Nghệ Cao NURA - đơn vị đầu tiên ứng dụng trí tuệ nhân tạo vào tầm soát ung thư tại khu vực Đông Nam Á

Tháng 7/2024, Trung tâm Tầm soát Công Nghệ Cao NURA ra đời tại Việt Nam, trở thành đơn vị đầu tiên tại Đông Nam Á ứng dụng trí tuệ nhân tạo (AI) vào tầm soát sức khỏe nói chung và ung thư nói riêng. Cụ thể, quá trình tầm soát sức khỏe tại trung tâm chỉ từ 120 phút nhưng có thể giúp phát hiện ra tới 14 loại ung thư và hàng loạt bệnh lý lối sống khác, đánh dấu bước tiến quan trọng của ngành y tế nước nhà.

Sự xuất hiện của NURA nhanh chóng thu hút sự quan tâm của đông đảo người dân khi nơi đây cam kết ứng dụng công nghệ tiên tiến và quy trình chuyên nghiệp, giúp phát hiện các loại bệnh ung thư phổ biến từ sớm. Chỉ trong vòng 8 tháng mở cửa, đã có tới gần 9000 lượt khách tới thăm khám tại trung tâm. Và cũng nhờ sở hữu công nghệ vượt trội, 65% khách tới Nura đã phát hiện ra các bất thường về sức khỏe, nhờ đó có thể kịp thời có những biện pháp can thiệp sớm.

Để có cái nhìn khách quan về dịch vụ tầm soát ung thư sử dụng công nghệ AI tại Việt Nam, chúng tôi quyết định trực tiếp tham gia trải nghiệm để ghi nhận những hình ảnh, thông tin thực tế tại Trung tâm Tầm soát Công Nghệ Cao NURA.



Video trải nghiệm

2 giờ trải nghiệm dịch vụ tầm soát sức khỏe công nghệ cao, theo phong cách “nghỉ dưỡng”

Ấn tượng đầu tiên mà Trung tâm Tầm soát Công Nghệ Cao NURA mang lại là cảm giác “nghỉ dưỡng” chứ không phải đi khám bệnh, mọi thứ đều rất thư thái, dễ chịu trong không gian thoáng đãng với nhiều cây xanh. Khu vực ngồi chờ làm thủ tục có ghế ngồi êm ái và không gian yên tĩnh, khiến ai tới thăm khám cũng cảm thấy hoàn toàn thoải mái ngay từ khi bước chân vào. Điều này hoàn toàn khác biệt với nhiều phòng khám, bệnh viện tại Việt Nam.



Khu vực bên trong NURA thoáng đãng, dễ chịu, tạo cảm giác thư thái cho khách hàng

Trước khi làm các thủ tục, chúng tôi được chuyên viên tư vấn các gói dịch vụ và đưa ra lời khuyên để khách hàng có sự lựa chọn hợp lý nhất. Theo đó, mỗi bước trong quy trình đều được tư vấn kĩ càng, cảm giác không vội vã, không áp lực.

“Gần đây tôi hay gặp tình trạng sáng dậy mệt mỏi, mỏi mắt, người đau ê ẩm. Có thể do ngồi máy tính quá nhiều, nhưng để chắc chắn, tôi vẫn quyết định đi kiểm tra sức khỏe toàn diện. Sau tư vấn, tôi chọn được gói dịch vụ tầm soát toàn diện với giá 8 triệu 600 nghìn đồng tại NURA. Gói dịch vụ này sẽ được kiểm tra toàn diện để tầm soát 10 loại bệnh ung thư phổ biến và 22 bệnh liên quan lối sống trong vòng 120 phút. Mức giá khá hợp lý khi trong khoảng 2 tiếng, tôi có thể biết rõ được tình hình sức khỏe hiện tại của bản thân một cách nhanh chóng, chính xác nhất”,Đức (27 tuổi - Nhân viên văn phòng) cho biết.



Chuyên viên tư vấn giới thiệu chi tiết về các gói dịch vụ, đồng thời tìm hiểu kỹ lưỡng nhu cầu cụ thể của từng khách hàng, từ đó đưa ra các lời khuyên để khách hàng lựa chọn sao gói dịch vụ sao cho phù hợp nhất

Sau khi đồng ý lựa chọn gói khám và hoàn tất các thủ tục, chúng tôi được đưa đến khu vực check-in để nhận vòng tay QR giúp xác minh danh tính tại mỗi điểm sàng lọc.“Mã QR này sẽ giúp xác minh danh tính của khách hàng trước mỗi điểm sàng lọc, đảm bảo trải nghiệm thuận lợi, nhanh chóng và suôn sẻ nhất”, nhân viên Nura cho biết. Sau khi đeo vòng QR, chúng tôi được hướng dẫn đi vào khu vực thay đồ và lấy mẫu xét nghiệm.

Cùng Đức bước vào không gian bên trong trung tâm, chúng tôi bất ngờ vì mọi thiết bị ở đây đều rất hiện đại. Điều đáng nói, không chỉ hiện đại về mặt thiết bị, NURA còn chú trọng đến yếu tố tinh thần của khách hàng. Toàn bộ ghế ngồi tại mỗi khu vực chờ hay khu vực nghỉ ngơi đều là ghế sofa băng mềm mại, bên cạnh đó là cây xanh tươi tốt, tạo cảm giác thư giãn, giảm bớt căng thẳng cho mọi người trước khi bắt đầu các xét nghiệm.



Sau khi hoàn tất các thủ tục đăng ký khám, khách hàng được đưa đến khu vực check-in để nhận vòng tay QR giúp xác minh danh tính tại mỗi điểm sàng lọc

Sau khi thay đồ và lấy mẫu xét nghiệm, Đức được hướng dẫn đến phòng chụp CT đầu tiên. Tại đây, bác sĩ thực hiện quét mã QR trên vòng tay của Đức để xác minh danh tính. Việc quét mã được thực hiện trong vòng vài giây, bác sĩ có thể nắm rõ thông tin của khách hàng.

“Phòng chụp CT tại NURA được trang bị công nghệ tiên tiến nhất, đảm bảo không chỉ giúp chẩn đoán chính xác mà còn giảm thiểu tối đa bức xạ lên đến 97%, bảo vệ sức khỏe người bệnh.

Quy trình chụp CT sẽ thực hiện 2 lần. Lần 1 đo điểm vôi hoá động mạch vành và tim. Lần 2 là chụp lồng ngực và ổ bụng. Trong quá trình chụp, anh Đức vui lòng làm theo hướng dẫn qua loa thông báo của chúng tôi”,bác sĩ trực tiếp thăm khám cho Đức hướng dẫn.





Dọc các lối đi là những poster nhắc nhở mọi người sức khoẻ là điều quan trọng nhất

Sau khi giới thiệu và hướng dẫn xong, bác sĩ sang phòng máy tính để tiến hành chụp CT. Tại đây, sau khi chụp xong lần 1, máy tính nhanh chóng gửi về hình ảnh chi tiết từng bộ phận cơ thể. Các lát cắt vi tính này sẽ giúp phát hiện tổn thương dù chỉ có kích thước từ 1mm, giúp việc chẩn đoán trở nên chính xác và nhanh chóng hơn rất nhiều.

Chỉ mất từ 2-3 giây sau khi quét mã QR trên vòng tay của khách hàng, bác sĩ có thể nắm rõ thông tin cá nhân trước khi tiến hành chụp CT



Bác sĩ giới thiệu về quy trình vận hành của thiết bị chụp CT cũng như các bước chụp tại đây

Điều đặc biệt làm chúng tôi bất ngờ là khi chụp CT ở NURA, chúng tôi không cần phải tiêm thuốc cản quang trước khi chụp. Mọi thứ diễn ra nhanh chóng và vô cùng đơn giản. Chỉ trong khoảng 5 phút đã hoàn tất 2 lần chụp CT mà không gặp bất kì khó khăn hay lo lắng gì. Tại bước này, chúng tôi cũng tò mò muốn biết AI tham gia như thế nào vào quá trình tầm soát và được BS. Nguyễn Hải Anh - Giám đốc chuyên môn của Nura cho biết:

“Công nghệ AI của NURA không chỉ đơn thuần là công cụ hỗ trợ, mà còn đóng vai trò quan trọng trong quy trình phân tích và nhận diện hình ảnh. Bằng cách thu thập và xử lý dữ liệu hình ảnh y khoa từ hơn 400 triệu ca bệnh được Fujifilm Nhật Bản lưu trữ trong suốt 10 năm, AI có thể nhận diện sớm các tổn thương bất thường – từ những nốt nhỏ nhất, kích thước từ 1mm trở lên.

Tại NURA, công nghệ AI được tích hợp trong hệ thống tầm soát công nghệ cao, cho phép lưu trữ và phân tích dữ liệu hình ảnh rõ nét, vượt trội so với phương pháp chụp cắt lớp truyền thống”,BS. Nguyễn Hải Anh nói.

Tiếp theo, chúng tôi được đưa sang khu vực lấy máu và đo huyết áp. Đây cũng được xem là một điểm đặc biệt của NURA. Thay vì yêu cầu nhịn ăn, trung tâm chỉ khuyên khách hàng tránh ăn một số thực phẩm như đồ ngọt, cà phê hay đồ uống có cồn trước khi lấy máu làm xét nghiệm. Sự thay đổi nhỏ nhưng rất tiện lợi và dễ chịu.



Quá trình chụp CT diễn ra nhanh chóng với kết quả chính xác cao nhờ áp dụng trí tuệ nhân tạo

Sau đó, chúng tôi được hướng dẫn đến lần lượt các phòng như kiểm tra thị lực, thính giác, đo điện tâm đồ. Mọi quy trình cũng được thực hiện một cách nhanh chóng nhưng kết quả đưa ra lại rất chi tiết, đều nhờ áp dụng công nghệ AI.

Cuối cùng, chúng tôi được đưa đến phòng siêu âm tuyến giáp. Tại đây, các bác sĩ sẽ tiến hành siêu âm, nội soi. Qua màn hình máy tính, các bác sĩ có thể dễ dàng phát hiện được sự bất thường trong khoảng 5-10 phút (nếu có).





Các quy trình như đo huyết áp, lấy máu làm xét nghiệm, đo thị lực, thính giác được diễn ra nhanh chóng

Sau khoảng 60 phút hoàn tất toàn bộ quy trình tầm soát, chúng tôi được mời ra khu vực nghỉ ngơi của trung tâm – một không gian yên tĩnh và “xanh như resort”, có sẵn sách báo, bánh và nước uống để thư giãn trong lúc chờ kết quả.

Theo đại diện NURA, trung tâm có hội đồng cố vấn chuyên môn gồm các giáo sư, chuyên gia đầu ngành để tham vấn, đảm bảo kết quả chẩn đoán đạt độ chính xác cao nhất.





Khu vực chờ đợi kết quả có ghế ngồi êm ái, sách báo, bánh, kẹo, cafe, trà dành cho khách hàng. Tạo cảm giác thoải mái, thư thái thay vì sự lo lắng trong lúc chờ đợi

Gần 30 phút sau, Đức được mời vào gặp bác sĩ nội tổng quát. Tại đây, Đức được tư vấn chi tiết về tình trạng sức khỏe. Sau thăm khám, Đức nhận kết quả. Từ kết quả này, bác sĩ đưa ra những khuyến nghị cụ thể giúp Đức điều chỉnh lối sống và làm việc, cũng như theo dõi sức khỏe tốt hơn trong tương lai.

NURA - Công nghệ AI tại Nura có gì đặc biệt so với công nghệ khám truyền thống?

B.S Nguyễn Hải Anh nhấn mạnh, việc áp dụng công nghệ AI trong việc tầm soát ung thư có ba ưu điểm vượt trội hơn so với truyền thống đó là an toàn, nhanh chóng và chính xác.



Trong lúc chờ đợi kết quả, khách hàng có thể tự tìm hiểu thêm thông tin hoặc nhờ các chuyên viên tư vấn

Đức được gặp bác sĩ nội tổng quát để lắng nghe chi tiết về tình hình sức khoẻ của bản thân

Theo nghiên cứu của Viện Hugo, việc sử dụng AI trong đọc phim CT phổi giúp tăng độ chính xác phát hiện ung thư thêm 7% và giảm 10% các trường hợp dương tính giả. Một nghiên cứu khác tại Mỹ cũng cho thấy, AI có thể phát hiện tới 95% các khối u nhỏ, trong khi tỷ lệ này ở bác sĩ đọc bằng mắt thường chỉ là 65%.

Theo BS. Nguyễn Hải Anh, tại NURA, sau khi thực hiện tầm soát, các tổn thương nghi ngờ ung thư sẽ được AI phân loại theo mức độ. Với những trường hợp có nốt tổn thương được đánh giá ở mức D – nghi ngờ cao là ung thư – bác sĩ sẽ trực tiếp tư vấn và hướng dẫn khách hàng đến các cơ sở chuyên sâu để làm sinh thiết, xét nghiệm tế bào học nhằm xác định chính xác bản chất tổn thương.

“Với các nốt chưa rõ ràng, tùy thuộc vào yếu tố nguy cơ (như tiền sử hút thuốc lá, thuốc lào...), khách hàng sẽ được tư vấn theo dõi định kỳ. Ví dụ, nếu phát hiện nốt >6mm ở phổi của người có nguy cơ cao, khách sẽ được khuyến nghị chụp CT liều cực thấp hằng năm. Trường hợp nốt tăng nhanh (ví dụ từ 6mm lên 12mm), khách hàng sẽ được chuyển khám chuyên khoa ung bướu hô hấp để sinh thiết”,BS. Nguyễn Hải Anh nói.

PGS.TS. BS. Nguyễn Hải Anh – Giám đốc chuyên môn của Trung tâm Tầm soát Công Nghệ Cao NURA

BS. Nguyễn Hải Anh cho rằng, việc phát hiện ung thư ở giai đoạn sớm (ví dụ giai đoạn 1A, kích thước khối u dưới 20mm) sẽ giúp quá trình điều trị đơn giản hơn, ít xâm lấn và chi phí thấp. Sau điều trị, người bệnh có thể tiếp tục đi làm và theo dõi định kỳ. Ngược lại, nếu phát hiện bệnh ở giai đoạn muộn (giai đoạn 4, khối u đã di căn), người bệnh sẽ phải nhập viện điều trị dài ngày bằng hóa chất, xạ trị, gây ảnh hưởng nghiêm trọng đến sức khỏe, tài chính và chất lượng cuộc sống.

B.S Nguyễn Hải Anh nói thêm, dù công nghệ AI mang lại độ chính xác cao, nhưng vai trò của bác sĩ vẫn không thể thay thế. AI hoạt động như một “trợ lý chuyên môn”, hỗ trợ xử lý dữ liệu, cảnh báo các điểm bất thường, giúp bác sĩ đưa ra quyết định nhanh hơn và chính xác hơn trong tầm soát sớm ung thư.

“Ứng dụng AI trong tầm soát ung thư như tại NURA chính là bước đi đột phá, mở ra hướng tiếp cận mới cho ngành y tế, giúp hàng triệu người có cơ hội phát hiện sớm bệnh ung thư, điều trị kịp thời và nâng cao chất lượng sống. Đó cũng là điều NURA đang hướng đến”, BS. Nguyễn Hải Anh chia sẻ.

";"https://kenh14cdn.com/203336854389633024/2025/5/8/kohi4743-1746675456635-1746675457701590707976.jpg;https://kenh14cdn.com/203336854389633024/2025/5/8/ltr1927-1-1746675459261-17466754594201370181783.jpg;https://kenh14cdn.com/203336854389633024/2025/5/8/ltr1920-1746675461849-1746675462007648264365.jpg;https://kenh14cdn.com/203336854389633024/2025/5/8/ltr1893-1746675463481-17466754650511494995512.jpg;https://kenh14cdn.com/203336854389633024/2025/5/8/ltr1912-1746675466796-1746675467173132495800.jpg;https://kenh14cdn.com/203336854389633024/2025/5/8/ltr1934-1746675468512-17466754688321011822652.jpg;https://kenh14cdn.com/203336854389633024/2025/5/8/ltr1947-1746675470207-17466754703671179816278.jpg;https://kenh14cdn.com/203336854389633024/2025/5/8/kohi4766-1746675472890-174667547301171057524.jpg;https://kenh14cdn.com/203336854389633024/2025/5/8/kohi4775-1746675473802-17466754739811244050141.jpg;https://kenh14cdn.com/203336854389633024/2025/5/8/ltr1997-1746675476308-1746675476531669975184.jpg;https://kenh14cdn.com/203336854389633024/2025/5/8/ltr2069-1746675478289-17466754784001231136678.jpg;https://kenh14cdn.com/203336854389633024/2025/5/8/ltr2036-1746675479993-1746675480386495232437.jpg;https://kenh14cdn.com/203336854389633024/2025/5/8/ltr2039-1746675481784-1746675481936701365433.jpg;https://kenh14cdn.com/203336854389633024/2025/5/8/ltr2048-1746675483487-1746675483657358020255.jpg;https://kenh14cdn.com/203336854389633024/2025/5/8/ltr2056-1746675485773-174667548586534198378.jpg;https://kenh14cdn.com/203336854389633024/2025/5/8/ltr2089-1746675487319-1746675487462487315737.jpg;https://kenh14cdn.com/203336854389633024/2025/5/8/ltr2098-1746675489049-1746675489163710131177.jpg;https://kenh14cdn.com/203336854389633024/2025/5/8/ltr2110-1746675490573-17466754906892048712741.jpg;https://kenh14cdn.com/203336854389633024/2025/5/8/kohi4784-1746675492141-17466754923721943795470.jpg;https://kenh14cdn.com/203336854389633024/2025/5/8/kohi4658-1746675494130-17466754943411101405123.jpg;https://kenh14cdn.com/203336854389633024/2025/5/8/kohi4665-1746675496089-1746675496429110570416.jpg;https://kenh14cdn.com/203336854389633024/2025/5/8/kohi4731-1746675498014-1746675498114833001265.jpg;https://kenh14cdn.com/203336854389633024/2025/5/8/kohi4713-1746675499637-17466754998061271138813.jpg;https://kenh14cdn.com/203336854389633024/2025/5/8/kohi4805-1746675501340-17466755014691708629506.jpg;https://kenh14cdn.com/203336854389633024/2025/5/8/kohi4809-1746675503058-17466755036912026938358.jpg"
Một thứ tưởng chỉ để uống hóa ra chống rụng tóc, kích thích mọc tóc cực tốt, được sao Hollywood tin dùng;Nhiều người bất ngờ với tác dụng làm đẹp của thức uống vô cùng phổ biến này.;"Bia là một thức uống vô cùng quen thuộc trên thế giới và cả tại Việt Nam. Thế nhưng, bia không chỉ được dùng làm đồ uống. Nó còn được nhiều người sử dụng như một “mỹ phẩm” làm đẹp da hoặc một loại “dầu dưỡng tóc” giúp tóc bóng khỏe, chống rụng tóc, kích thích mọc tóc con.

Vào năm 2009, nữ diễn viên Hollywood Catherine Zeta Jones đã tiết lộ cô thường xuyên gội đầu bằng bia để có mái tóc khỏe đẹp. Catherine Zeta-Jones là một trong những nữ diễn viên ""đình đám"" nhất thế giới trong hàng chục năm trở lại đây, báo Dân Trí thông tin. Cô sở hữu hàng loạt vai diễn nổi tiếng và các tác phẩm điện ảnh ""để đời"" như “Mặt nạ của Zorro”, “Entrapment”, “Chicago”, “A Little Night Music”,... Trong nhiều năm, Catherine luôn là một trong những “sao” nữ được trả cát sê cao nhất tại Hollywood.

Nữ diễn viên Catherine Zeta Jones (Ảnh: Getty)

Bia và tác dụng bất ngờ đối với mái tóc

Theo chuyên trang sức khỏe Health Shots, bia là nguồn giàu vitamin nhóm B. Đây là yếu tố quan trọng giúp mái tóc luôn chắc khỏe và óng mượt tự nhiên. Bên cạnh đó, protein có trong bia giúp phục hồi tóc hư tổn, còn đường sucrose và maltose có tác động trực tiếp lên lớp biểu bì, tăng cường độ chắc khỏe và độ bóng cho sợi tóc.

Không chỉ vậy, bia còn chứa nhiều kẽm, folate, biotin, canxi và vitamin D - những vi chất thiết yếu để nuôi dưỡng bộ tóc óng mượt, khỏe mạnh. Hoa bia dùng để chế biến bia có chứa silica, một hoạt chất giúp tăng cường sức khỏe của nang tóc và kích thích mọc tóc.

Báo Tiền Phong dẫn lời của bà Đỗ Kim Thoa, giảng viên khoa Hóa dược của một trường đại học ở Hà Nội:“Cách gội đầu bằng bia cũng có tác dụng cân bằng độ pH trên da đầu, giúp giảm hẳn tình trạng tóc nhờn bết”.Vị giảng viên này cũng cho hay, gội đầu bằng bia sẽ giảm gàu ngứa, hỗ trợ điều trị các bệnh nấm da đầu hoặc viêm da tiết bã.

Cách gội đầu bằng bia

Gội đầu bằng bia giúp chống rụng tóc, kích thích mọc tóc (Ảnh minh họa)

Tiến sĩ Nivedita Dadu, bác sĩ da liễu nổi tiếng tại New Delhi (Ấn Độ) hướng dẫn cách gội đầu bằng bia như sau:

Ngoài cách gội đầu bằng bia nguyên chất, báo Tiền Phong thông tin, bạn có thể kết hợp bia với một số nguyên liệu khác như vitamin B1, bồ kết, mật ong, sữa chua, dầu dừa, giấm táo,...

Tuy nhiên, tiến sĩ Nivedita Dadu lưu ý: “Hãy luôn tham khảo ý kiến của bác sĩ da liễu trước khi gội đầu bằng bia”.

(Nguồn: Dân Trí, Tiền Phong, Health Shots)";"https://kenh14cdn.com/203336854389633024/2025/5/8/odowmdawmdawmdawnji1ntg3-1746671072979-1746671073117237268685.jpg;https://kenh14cdn.com/203336854389633024/2025/5/8/can-you-hydrate-yourself-with-beer-scaled-1746671074035-17466710744281845570361.jpg"
Căn bệnh này từng giết hàng trăm triệu người: Vì sao nhân loại bỗng dưng xóa sổ được chỉ sau vài thập kỷ?;Ngày 8/5/1980, Tổ chức Y tế Thế giới (WHO) chính thức tuyên bố bệnh đậu mùa đã được xóa sổ hoàn toàn trên toàn cầu.;"Vào ngày 8/5/1980, tại phiên họp lần thứ 33 của Đại hội đồng Y tế Thế giới (World Health Assembly) diễn ra tại Geneva, WHO đã công bố một tuyên bố ngắn gọn nhưng có ý nghĩa lịch sử to lớn: “Thế giới đã không còn ca bệnh đậu mùa tự nhiên nào. Căn bệnh này đã bị loại trừ hoàn toàn khỏi hành tinh”.

Tuyên bố ấy không chỉ khép lại một chương đen tối trong lịch sử loài người mà còn mở ra một kỷ nguyên mới cho các chiến dịch tiêm chủng phòng bệnh. Đó là thời khắc lịch sử chứng kiến lần đầu tiên con người xóa sổ thành công một căn bệnh truyền nhiễm thông qua can thiệp y học công cộng quy mô toàn cầu.



Bệnh đậu mùa (smallpox), do virus variola gây ra, là một trong những căn bệnh truyền nhiễm chết người nhất từng được biết đến. Theo các nhà sử học và chuyên gia dịch tễ, chỉ riêng trong thế kỷ 20, bệnh này đã khiến từ300 đến 500 triệu ngườithiệt mạng.

Được ghi nhận từ thời cổ đại, dấu vết của bệnh đậu mùa đã xuất hiện trên các xác ướp Ai Cập có niên đại hơn 3.000 năm. Bệnh gây ra những tổn thương khủng khiếp: sốt cao, phát ban toàn thân, nổi mụn mủ, và để lại sẹo vĩnh viễn trên da.

Đối với nhiều người sống sót, đậu mùa cũng khiến họ mù lòa, suy giảm khả năng vận động hoặc rối loạn miễn dịch nghiêm trọng.

Tỷ lệ tử vong của đậu mùa thường dao động quanh mức30%, và với những thể nặng như đậu mùa xuất huyết (variola hemorrhagica), tỷ lệ này có thể vượt90%.

Căn bệnh này từng tàn phá các cộng đồng dân cư ở châu Âu, châu Á, và đặc biệt là khiến nền văn minh bản địa ở châu Mỹ bị suy sụp hoàn toàn sau khi người châu Âu mang virus theo chân các cuộc thám hiểm và thuộc địa hóa.



Dù đã có những nỗ lực phòng ngừa từ thế kỷ 18 với phương pháp “chủng đậu” (variolation), phải đến cuối thế kỷ 18, bác sĩ người Anh Edward Jenner mới đặt nền móng cho vắc-xin đậu mùa bằng cách sử dụng virus đậu bò (cowpox) để tạo miễn dịch cho người. Từ đó, cuộc chiến thực sự với đậu mùa bắt đầu bước sang một trang mới.

Tuy nhiên, phải đếnnăm 1967, WHO mới chính thức khởi độngChiến dịch Xóa sổ đậu mùa toàn cầu– một nỗ lực chưa từng có trong lịch sử y tế. Mục tiêu là tiêm phòng cho toàn bộ dân số thế giới, giám sát và cách ly nghiêm ngặt mọi ổ dịch.

Chiến dịch này huy động hàng ngàn chuyên gia y tế, nhà dịch tễ, kỹ thuật viên và tình nguyện viên từ khắp nơi trên thế giới, bất chấp những chia rẽ về chính trị, ngôn ngữ hay văn hóa. Họ đến từng làng mạc xa xôi ở châu Phi, châu Á, đến từng sa mạc, rừng rậm, vượt qua nhiều điều kiện khắc nghiệt để tiêm chủng cho người dân và giám sát ổ dịch.

Đặc biệt, vào năm1977, thế giới ghi nhận ca bệnh đậu mùa tự nhiên cuối cùng tại Somalia – một thanh niên tên Ali Maow Maalin. Sau đó, WHO tiến hành ba năm giám sát nghiêm ngặt để đảm bảo không còn bất kỳ ca tái phát nào.



Khi WHO chính thức công bố bệnh đậu mùa được xóa sổ vào năm 1980, nhân loại đã đi đến một cột mốc vĩ đại:

Tổng giám đốc WHO khi đó, Tiến sĩ Halfdan Mahler, đã nói trong buổi tuyên bố: “Thành tựu này không thuộc về một quốc gia hay một cá nhân, mà là chiến thắng chung của cả nhân loại”.



Dù đã 45 năm trôi qua, chiến thắng trước đậu mùa vẫn là nguồn cảm hứng lớn đối với giới y tế toàn cầu. Đặc biệt, trong bối cảnh đại dịch COVID-19 bùng phát từ năm 2020, nhiều chuyên gia đã nhắc lại mô hình chống đậu mùa như một tấm gương về sự quyết tâm, phối hợp quốc tế và ứng dụng khoa học để kiểm soát dịch bệnh.

Chiến dịch xóa sổ đậu mùa cũng cho thấy rằngkhông có mục tiêu nào là bất khả thi nếu có sự đoàn kết toàn cầu. Nó chứng minh rằng các quốc gia, dù giàu hay nghèo, có thể cùng nhau hợp tác để vượt qua thách thức chung.

Ngoài ra, nó còn đặt ra một câu hỏi lớn:Liệu nhân loại có thể tiếp tục xóa sổ những căn bệnh truyền nhiễm khác như sốt rét, bại liệt, hay thậm chí là HIV/AIDS?Câu trả lời có thể là “có”, nếu tinh thần đoàn kết và khoa học được đặt lên hàng đầu như trong cuộc chiến với đậu mùa.



Hiện nay, virus đậu mùa chỉ còn tồn tại trong hai kho lưu trữ chính thức tại phòng thí nghiệm cấp cao của Mỹ và Nga. Vấn đề có nên tiêu hủy hoàn toàn virus này hay giữ lại cho nghiên cứu vẫn đang gây tranh cãi trong cộng đồng khoa học.

Tuy nhiên, sự tồn tại của virus – dù chỉ là trong phòng thí nghiệm – vẫn là một lời nhắc nhở về những hiểm họa mà nhân loại từng đối mặt, và những điều mà chúng ta phải không ngừng nỗ lực để bảo vệ sức khỏe cộng đồng.";"https://kenh14cdn.com/203336854389633024/2025/5/8/urlhttp3a2f2fnpr-brightspots3amazonawscom2fc32fb02f23acf7174cf2bc064a6828cb95892fsmall-mpox-diptych-17466421962442009546653-1746670729722-17466707298401291628490.jpg;https://kenh14cdn.com/203336854389633024/2025/5/8/160408165251-smallpox-vaccination-17466422428561985009563-1746670731443-1746670731552765207651.jpg;https://kenh14cdn.com/203336854389633024/2025/5/8/gettyimages543367779-1746642279756102074844-1746670732884-1746670732978250251882.jpg;https://kenh14cdn.com/203336854389633024/2025/5/8/key-differences-and-similarities-monkeypox-vs-smallpox-17466423010551782045671-1746670733703-1746670733845867911164.jpg;https://kenh14cdn.com/203336854389633024/2025/5/8/14pox-videosixteenbyninejumbo1600-174664231531381173330-1746670734547-17466707347601992977411.jpg"
